{"cameraMode":{"drawMode":0,"name":"Shaded","section":"Shading Mode"},"sceneLighting":true,"audioPlay":false,"sceneViewState":{"showFog":true,"showMaterialUpdate":true,"showSkybox":true,"showFlares":true,"showImageEffects":true,"showParticleSystems":true},"in2DMode":false,"pivot":{"x":517.9368896484375,"y":2.9546825885772707,"z":184.03475952148438},"rotation":{"x":0.4405668377876282,"y":-0.14814184606075288,"z":0.07504910975694657,"w":0.8822296261787415},"size":4.578078269958496,"orthographic":false}